Name,Formula,-∆fH°,group,CO-(O)(CO),CO-(CD)(O),CO-(C)(O),CO-(H)(O),CO-(O)(CB),O-(CO)2 aliphatic,O-(CO)2 aromatic,O-(H)(CO),O-(C)(CB),O-(H)(CB),CD-(H)(CO),CD-(C)(CO),CB-(CO)(CB)2,CB-(O)(CB)2,C-(CO)(C)3,C-(H)(CO)(C)2,C-(H)2(CO)(C) ,C-(H)3(O),C-(H)3(CD),C-(H)3(C),C-(H)3(CB),C-(H)2(C)2,C-(H)(C)3,CD-(H)2,CB-(H)(CB)2,CB-(C)(CB)2,C-(H)2(C)(CB),C-(C)4,CH3(tert),CH3(qua),CO-(C)(CD) ,O-(CD)(CO),O-(H)(C) ,C-(H)2(CO)2,C-(H)(O)(CO)(C) ,C-(H)(CO)(C)(CB),CB-(CB)3,CO-(C)(N),N-(H)(CO)2,C-(H)3(N),N-(CO)2(C),CO-(CD)(N),CO-(N)(CB),CB-(NO2)(CB)2,C-(H)2(N)(C),CB-(N)(CB)2,N-(CO)2(CB),N-(CO)2(N),CBF-(CBF)(CB)2,rsc,radical 1,radical 2,radical 3,radical 4,Correction 1,Correction 2,Correction 3,Correction 4
Benzoic acid,C7H6O2,385.2,acid,0,0,0,0,1,0,0,1,0,0,0,0,1,0,0,0,0,0,0,0,0,0,0,0,5,0,0,0,0,0,0,0,0,0,0,0,0,0,0,0,0,0,0,0,0,0,0,0,0,0,0,0,0,0,0,0,0,0
2-Methylbenzoic acid,C8H8O2,416.5,acid,0,0,0,0,1,0,0,1,0,0,0,0,1,0,0,0,0,0,0,0,1,0,0,0,4,1,0,0,0,0,0,0,0,0,0,0,0,0,0,0,0,0,0,0,0,0,0,0,0,0,2,0,0,0,ortho,0,0,0
3-Methylbenzoic acid,C8H8O2,424.9,acid,0,0,0,0,1,0,0,1,0,0,0,0,1,0,0,0,0,0,0,0,1,0,0,0,4,1,0,0,0,0,0,0,0,0,0,0,0,0,0,0,0,0,0,0,0,0,0,0,0,0,3,0,0,0,meta,0,0,0
4-Methylbenzoic acid,C8H8O2,429.2,acid,0,0,0,0,1,0,0,1,0,0,0,0,1,0,0,0,0,0,0,0,1,0,0,0,4,1,0,0,0,0,0,0,0,0,0,0,0,0,0,0,0,0,0,0,0,0,0,0,0,0,4,0,0,0,para,0,0,0
"2,6-Dimethylbenzoic acid",C9H10O2,440.7,acid,0,0,0,0,1,0,0,1,0,0,0,0,1,0,0,0,0,0,0,0,2,0,0,0,3,2,0,0,0,0,0,0,0,0,0,0,0,0,0,0,0,0,0,0,0,0,0,0,0,0,2,6,0,0,ortho,ortho,0,0
"2,3-Dimethylbenzoic acid",C9H10O2,450.4,acid,0,0,0,0,1,0,0,1,0,0,0,0,1,0,0,0,0,0,0,0,2,0,0,0,3,2,0,0,0,0,0,0,0,0,0,0,0,0,0,0,0,0,0,0,0,0,0,0,0,0,2,3,0,0,ortho,meta,0,0
"2,5-Dimethylbenzoic acid",C9H10O2,456.1,acid,0,0,0,0,1,0,0,1,0,0,0,0,1,0,0,0,0,0,0,0,2,0,0,0,3,2,0,0,0,0,0,0,0,0,0,0,0,0,0,0,0,0,0,0,0,0,0,0,0,0,2,5,0,0,ortho,meta,0,0
"2,4-Dimethylbenzoic acid",C9H10O2,458.5,acid,0,0,0,0,1,0,0,1,0,0,0,0,1,0,0,0,0,0,0,0,2,0,0,0,3,2,0,0,0,0,0,0,0,0,0,0,0,0,0,0,0,0,0,0,0,0,0,0,0,0,2,4,0,0,ortho,meta,0,0
"3,4-Dimethylbenzoic acid",C9H10O2,468.8,acid,0,0,0,0,1,0,0,1,0,0,0,0,1,0,0,0,0,0,0,0,2,0,0,0,3,2,0,0,0,0,0,0,0,0,0,0,0,0,0,0,0,0,0,0,0,0,0,0,0,0,3,4,0,0,meta,para,0,0
"3,5-Dimethylbenzoic acid",C9H10O2,466.8,acid,0,0,0,0,1,0,0,1,0,0,0,0,1,0,0,0,0,0,0,0,2,0,0,0,3,2,0,0,0,0,0,0,0,0,0,0,0,0,0,0,0,0,0,0,0,0,0,0,0,0,3,5,0,0,meta,meta,0,0
"2,3,6-Trimethylbenzoic acid",C10H12O2,475.6,acid,0,0,0,0,1,0,0,1,0,0,0,0,1,0,0,0,0,0,0,0,3,0,0,0,2,3,0,0,0,0,0,0,0,0,0,0,0,0,0,0,0,0,0,0,0,0,0,0,0,0,2,3,6,0,ortho,meta,ortho,0
"2,4,6-Trimethylbenzoic acid",C10H12O2,477.8,acid,0,0,0,0,1,0,0,1,0,0,0,0,1,0,0,0,0,0,0,0,3,0,0,0,2,3,0,0,0,0,0,0,0,0,0,0,0,0,0,0,0,0,0,0,0,0,0,0,0,0,2,4,6,0,ortho,para,ortho,0
"2,3,4-Trimethylbenzoic acid",C10H12O2,486.6,acid,0,0,0,0,1,0,0,1,0,0,0,0,1,0,0,0,0,0,0,0,3,0,0,0,2,3,0,0,0,0,0,0,0,0,0,0,0,0,0,0,0,0,0,0,0,0,0,0,0,0,2,3,4,0,ortho,meta,para,0
"2,3,5-Trimethylbenzoic acid",C10H12O2,488.9,acid,0,0,0,0,1,0,0,1,0,0,0,0,1,0,0,0,0,0,0,0,3,0,0,0,2,3,0,0,0,0,0,0,0,0,0,0,0,0,0,0,0,0,0,0,0,0,0,0,0,0,2,3,5,0,ortho,meta,meta,0
"2,4,5-Trimethylbenzoic acid",C10H12O2,495.8,acid,0,0,0,0,1,0,0,1,0,0,0,0,1,0,0,0,0,0,0,0,3,0,0,0,2,3,0,0,0,0,0,0,0,0,0,0,0,0,0,0,0,0,0,0,0,0,0,0,0,0,2,4,5,0,ortho,para,meta,0
"3,4,5-Trimethylbenzoic acid",C10H12O2,500.8,acid,0,0,0,0,1,0,0,1,0,0,0,0,1,0,0,0,0,0,0,0,3,0,0,0,2,3,0,0,0,0,0,0,0,0,0,0,0,0,0,0,0,0,0,0,0,0,0,0,0,0,3,4,5,0,meta,para,meta,0
"2,3,4,6-Tetramethylbenzoic acid",C11H14O2,507.8,acid,0,0,0,0,1,0,0,1,0,0,0,0,1,0,0,0,0,0,0,0,4,0,0,0,1,4,0,0,0,0,0,0,0,0,0,0,0,0,0,0,0,0,0,0,0,0,0,0,0,0,2,3,4,6,ortho,meta,para,ortho
"2,3,4,5-Tetramethylbenzoic acid",C11H14O2,514.6,acid,0,0,0,0,1,0,0,1,0,0,0,0,1,0,0,0,0,0,0,0,4,0,0,0,1,4,0,0,0,0,0,0,0,0,0,0,0,0,0,0,0,0,0,0,0,0,0,0,0,0,2,3,4,5,ortho,meta,para,meta
"2,3,5,6-Tetramethylbenzoic acid",C11H14O2,506.2,acid,0,0,0,0,1,0,0,1,0,0,0,0,1,0,0,0,0,0,0,0,4,0,0,0,1,4,0,0,0,0,0,0,0,0,0,0,0,0,0,0,0,0,0,0,0,0,0,0,0,0,2,3,5,6,ortho,meta,meta,ortho
"3,5-Diethylbenzoic acid",C11H14O2,511.9,acid,0,0,0,0,1,0,0,1,0,0,0,0,1,0,0,0,0,0,0,2,0,0,0,0,3,2,2,0,0,0,0,0,0,0,0,0,0,0,0,0,0,0,0,0,0,0,0,0,0,0,3,5,0,0,meta,meta,0,0
"2,2-Dimethylpropanoic acid",C5H10O2,564.5,acid,0,0,1,0,0,0,0,1,0,0,0,0,0,0,1,0,0,0,0,3,0,0,0,0,0,0,0,0,0,2,0,0,0,0,0,0,0,0,0,0,0,0,0,0,0,0,0,0,0,0,2,2,0,0,0,0,0,0
Decanoic acid,C10H20O2,713.7,acid,0,0,1,0,0,0,0,1,0,0,0,0,0,0,0,0,1,0,0,1,0,7,0,0,0,0,0,0,0,0,0,0,0,0,0,0,0,0,0,0,0,0,0,0,0,0,0,0,0,0,0,0,0,0,0,0,0,0
Undecanoic acid,C11H22O2,735.9,acid,0,0,1,0,0,0,0,1,0,0,0,0,0,0,0,0,1,0,0,1,0,8,0,0,0,0,0,0,0,0,0,0,0,0,0,0,0,0,0,0,0,0,0,0,0,0,0,0,0,0,0,0,0,0,0,0,0,0
Phthalic acid,C8H6O4,781.2,acid,0,0,0,0,2,0,0,2,0,0,0,0,2,0,0,0,0,0,0,0,0,0,0,0,4,0,0,0,0,0,0,0,0,0,0,0,0,0,0,0,0,0,0,0,0,0,0,0,0,0,2,0,0,0,ortho,0,0,0
Dodecanoic acid,C12H24O2,774.6,acid,0,0,1,0,0,0,0,1,0,0,0,0,0,0,0,0,1,0,0,1,0,9,0,0,0,0,0,0,0,0,0,0,0,0,0,0,0,0,0,0,0,0,0,0,0,0,0,0,0,0,0,0,0,0,0,0,0,0
Tridecanoic acid,C13H26O2,806.6,acid,0,0,1,0,0,0,0,1,0,0,0,0,0,0,0,0,1,0,0,1,0,10,0,0,0,0,0,0,0,0,0,0,0,0,0,0,0,0,0,0,0,0,0,0,0,0,0,0,0,0,0,0,0,0,0,0,0,0
Isophthalic acid,C8H6O4,805.3,acid,0,0,0,0,2,0,0,2,0,0,0,0,2,0,0,0,0,0,0,0,0,0,0,0,4,0,0,0,0,0,0,0,0,0,0,0,0,0,0,0,0,0,0,0,0,0,0,0,0,0,3,0,0,0,meta,0,0,0
Terephthalic acid,C8H6O4,813.2,acid,0,0,0,0,2,0,0,2,0,0,0,0,2,0,0,0,0,0,0,0,0,0,0,0,4,0,0,0,0,0,0,0,0,0,0,0,0,0,0,0,0,0,0,0,0,0,0,0,0,0,4,0,0,0,para,0,0,0
4-Methylphthalic acid,C9H8O4,827.8,acid,0,0,0,0,2,0,0,2,0,0,0,0,2,0,0,0,0,0,0,0,1,0,0,0,3,1,0,0,0,0,0,0,0,0,0,0,0,0,0,0,0,0,0,0,0,0,0,0,0,0,2,4,0,0,ortho,para,0,0
Tetradecanoic acid,C14H28O2,833.5,acid,0,0,1,0,0,0,0,1,0,0,0,0,0,0,0,0,1,0,0,1,0,11,0,0,0,0,0,0,0,0,0,0,0,0,0,0,0,0,0,0,0,0,0,0,0,0,0,0,0,0,0,0,0,0,0,0,0,0
Pentadecanoic acid,C15H30O2,861.7,acid,0,0,1,0,0,0,0,1,0,0,0,0,0,0,0,0,1,0,0,1,0,12,0,0,0,0,0,0,0,0,0,0,0,0,0,0,0,0,0,0,0,0,0,0,0,0,0,0,0,0,0,0,0,0,0,0,0,0
Oxalic acid,C2H2O4,829.7,acid,2,0,0,0,0,0,0,2,0,0,0,0,0,0,0,0,0,0,0,0,0,0,0,0,0,0,0,0,0,0,0,0,0,0,0,0,0,0,0,0,0,0,0,0,0,0,0,0,0,0,0,0,0,0,0,0,0,0
Hexadecanoic acid,C16H32O2,891.5,acid,0,0,1,0,0,0,0,1,0,0,0,0,0,0,0,0,1,0,0,1,0,13,0,0,0,0,0,0,0,0,0,0,0,0,0,0,0,0,0,0,0,0,0,0,0,0,0,0,0,0,0,0,0,0,0,0,0,0
Octadecanoic acid,C18H36O2,948,acid,0,0,1,0,0,0,0,1,0,0,0,0,0,0,0,0,1,0,0,1,0,15,0,0,0,0,0,0,0,0,0,0,0,0,0,0,0,0,0,0,0,0,0,0,0,0,0,0,0,0,0,0,0,0,0,0,0,0
Nonadecanoic acid,C19H38O2,984,acid,0,0,1,0,0,0,0,1,0,0,0,0,0,0,0,0,1,0,0,1,0,16,0,0,0,0,0,0,0,0,0,0,0,0,0,0,0,0,0,0,0,0,0,0,0,0,0,0,0,0,0,0,0,0,0,0,0,0
Eicosanoic acid,C20H40O2,1011.9,acid,0,0,1,0,0,0,0,1,0,0,0,0,0,0,0,0,1,0,0,1,0,17,0,0,0,0,0,0,0,0,0,0,0,0,0,0,0,0,0,0,0,0,0,0,0,0,0,0,0,0,0,0,0,0,0,0,0,0
Succinic acid,C4H6O4,940.4,acid,2,0,0,0,0,0,0,2,0,0,0,0,0,0,0,0,2,0,0,0,0,0,0,0,0,0,0,0,0,0,0,0,0,0,0,0,0,0,0,0,0,0,0,0,0,0,0,0,0,0,0,0,0,0,0,0,0,0
Glutaric acid,C5H8O4,958.84,acid,0,0,2,0,0,0,0,2,0,0,0,0,0,0,0,0,2,0,0,0,0,1,0,0,0,0,0,0,0,0,0,0,0,0,0,0,0,0,0,0,0,0,0,0,0,0,0,0,0,0,0,0,0,0,0,0,0,0
Adipic acid,C6H10O4,994.3,acid,0,0,2,0,0,0,0,2,0,0,0,0,0,0,0,0,2,0,0,0,0,2,0,0,0,0,0,0,0,0,0,0,0,0,0,0,0,0,0,0,0,0,0,0,0,0,0,0,0,0,0,0,0,0,0,0,0,0
Suberic acid,C8H14O4,1038,acid,0,0,2,0,0,0,0,2,0,0,0,0,0,0,0,0,2,0,0,0,0,4,0,0,0,0,0,0,0,0,0,0,0,0,0,0,0,0,0,0,0,0,0,0,0,0,0,0,0,0,0,0,0,0,0,0,0,0
Sebacic acid,C10H18O4,1082.6,acid,0,0,2,0,0,0,0,2,0,0,0,0,0,0,0,0,2,0,0,0,0,6,0,0,0,0,0,0,0,0,0,0,0,0,0,0,0,0,0,0,0,0,0,0,0,0,0,0,0,0,0,0,0,0,0,0,0,0
Dodecanedioic acid,C12H22O4,1130,acid,0,0,2,0,0,0,0,2,0,0,0,0,0,0,0,0,2,0,0,0,0,8,0,0,0,0,0,0,0,0,0,0,0,0,0,0,0,0,0,0,0,0,0,0,0,0,0,0,0,0,0,0,0,0,0,0,0,0
2-Methoxybenzoic acid,C8H8O3,538.5,acid,0,0,0,0,1,0,0,1,1,0,0,0,1,1,0,0,0,1,0,0,0,0,0,0,4,0,0,0,0,0,0,0,0,0,0,0,0,0,0,0,0,0,0,0,0,0,0,0,0,0,2,0,0,0,ortho,0,0,0
3-Methoxybenzoic acid,C8H8O3,553.5,acid,0,0,0,0,1,0,0,1,1,0,0,0,1,1,0,0,0,1,0,0,0,0,0,0,4,0,0,0,0,0,0,0,0,0,0,0,0,0,0,0,0,0,0,0,0,0,0,0,0,0,3,0,0,0,meta,0,0,0
4-Methoxybenzoic acid,C8H8O3,561.7,acid,0,0,0,0,1,0,0,1,1,0,0,0,1,1,0,0,0,1,0,0,0,0,0,0,4,0,0,0,0,0,0,0,0,0,0,0,0,0,0,0,0,0,0,0,0,0,0,0,0,0,4,0,0,0,para,0,0,0
Trimelitic acid,C9H6O6,1177.3,acid,0,0,0,0,3,0,0,3,0,0,0,0,3,0,0,0,0,0,0,0,0,0,0,0,3,0,0,0,0,0,0,0,0,0,0,0,0,0,0,0,0,0,0,0,0,0,0,0,0,0,2,4,0,0,ortho,para,0,0
"L,2-Hydroxypropanoic acid",C3H6O3,694,acid,0,0,1,0,0,0,0,1,0,0,0,0,0,0,0,0,0,0,0,1,0,0,0,0,0,0,0,0,1,0,0,0,1,0,1,0,0,0,0,0,0,0,0,0,0,0,0,0,0,0,2,0,0,0,0,0,0,0
Heptadecanoic acid,C17H34O2,924.4,acid,0,0,1,0,0,0,0,1,0,0,0,0,0,0,0,0,1,0,0,1,0,14,0,0,0,0,0,0,0,0,0,0,0,0,0,0,0,0,0,0,0,0,0,0,0,0,0,0,0,0,0,0,0,0,0,0,0,0
Adamantane-1-carboxylic acid,C11H16O2,643.08,acid,0,0,1,0,0,0,0,1,0,0,0,0,0,0,1,0,0,0,0,0,0,6,3,0,0,0,0,0,0,0,0,0,0,0,0,0,0,0,0,0,0,0,0,0,0,0,0,0,0,1,0,0,0,0,0,0,0,0
Adamantane-2-carboxylic acid,C11H16O0,627.18,acid,0,0,1,0,0,0,0,1,0,0,0,0,0,0,0,1,0,0,0,0,0,5,4,0,0,0,0,0,0,0,0,0,0,0,0,0,0,0,0,0,0,0,0,0,0,0,0,0,0,1,2,0,0,0,0,0,0,0
Malonic Acid,C3H4O4,891,acid,0,0,2,0,0,0,0,2,0,0,0,0,0,0,0,0,0,0,0,0,0,0,0,0,0,0,0,0,0,0,0,0,0,1,0,0,0,0,0,0,0,0,0,0,0,0,0,0,0,0,0,0,0,0,0,0,0,0
Pimelic acid,C7H12O4,1017.1,acid,0,0,2,0,0,0,0,2,0,0,0,0,0,0,0,0,2,0,0,0,0,3,0,0,0,0,0,0,0,0,0,0,0,0,0,0,0,0,0,0,0,0,0,0,0,0,0,0,0,0,0,0,0,0,0,0,0,0
Azelaic acid,C9H16O4,1054.3,acid,0,0,2,0,0,0,0,2,0,0,0,0,0,0,0,0,2,0,0,0,0,5,0,0,0,0,0,0,0,0,0,0,0,0,0,0,0,0,0,0,0,0,0,0,0,0,0,0,0,0,0,0,0,0,0,0,0,0
Undecanedioic acid,C11H20O4,1099.4,acid,0,0,2,0,0,0,0,2,0,0,0,0,0,0,0,0,2,0,0,0,0,7,0,0,0,0,0,0,0,0,0,0,0,0,0,0,0,0,0,0,0,0,0,0,0,0,0,0,0,0,0,0,0,0,0,0,0,0
Tridecanedioic acid,C13H24O4,1148.3,acid,0,0,2,0,0,0,0,2,0,0,0,0,0,0,0,0,2,0,0,0,0,9,0,0,0,0,0,0,0,0,0,0,0,0,0,0,0,0,0,0,0,0,0,0,0,0,0,0,0,0,0,0,0,0,0,0,0,0
Methylsuccinic acid,C5H8O4,958.2,acid,0,0,2,0,0,0,0,2,0,0,0,0,0,0,0,1,1,0,0,1,0,0,0,0,0,0,0,0,1,0,0,0,0,0,0,0,0,0,0,0,0,0,0,0,0,0,0,0,0,0,0,0,0,0,0,0,0,0
"2,2-Dimethylsuccinic acid",C6H10O4,987.8,acid,0,0,2,0,0,0,0,2,0,0,0,0,0,0,1,0,1,0,0,2,0,0,0,0,0,0,0,0,0,2,0,0,0,0,0,0,0,0,0,0,0,0,0,0,0,0,0,0,0,0,2,2,0,0,0,0,0,0
Trimethylsuccinic acid,C7H12O4,1000.8,acid,0,0,2,0,0,0,0,2,0,0,0,0,0,0,1,1,0,0,0,3,0,0,0,0,0,0,0,0,1,2,0,0,0,0,0,0,0,0,0,0,0,0,0,0,0,0,0,0,0,0,0,0,0,0,0,0,0,0
Tetramethylsuccinic acid,C8H14O4,1012.4,acid,0,0,2,0,0,0,0,2,0,0,0,0,0,0,2,0,0,0,0,4,0,0,0,0,0,0,0,0,0,4,0,0,0,0,0,0,0,0,0,0,0,0,0,0,0,0,0,0,0,0,0,0,0,0,0,0,0,0
Ethylsuccinic acid,C6H10O4,989.2,acid,0,0,2,0,0,0,0,2,0,0,0,0,0,0,0,1,1,0,0,1,0,1,0,0,0,0,0,0,0,0,0,0,0,0,0,0,0,0,0,0,0,0,0,0,0,0,0,0,0,0,0,0,0,0,0,0,0,0
"2,2-Diethylsuccinic acid",C8H14O4,1032.7,acid,0,0,2,0,0,0,0,2,0,0,0,0,0,0,1,0,1,0,0,2,0,2,0,0,0,0,0,0,0,0,0,0,0,0,0,0,0,0,0,0,0,0,0,0,0,0,0,0,0,0,2,2,0,0,0,0,0,0
Triethylsuccinic acid,C10H18O4,1066.3,acid,0,0,2,0,0,0,0,2,0,0,0,0,0,0,1,1,0,0,0,3,0,3,0,0,0,0,0,0,0,0,0,0,0,0,0,0,0,0,0,0,0,0,0,0,0,0,0,0,0,0,0,0,0,0,0,0,0,0
Tetraethylsuccinic acid,C12H22O4,1096.5,acid,0,0,2,0,0,0,0,2,0,0,0,0,0,0,2,0,0,0,0,4,0,4,0,0,0,0,0,0,0,0,0,0,0,0,0,0,0,0,0,0,0,0,0,0,0,0,0,0,0,0,0,0,0,0,0,0,0,0
Salicylic acid,C7H6O3,589.9,acid,0,0,0,0,1,0,0,1,0,1,0,0,1,1,0,0,0,0,0,0,0,0,0,0,4,0,0,0,0,0,0,0,0,0,0,0,0,0,0,0,0,0,0,0,0,0,0,0,0,0,2,0,0,0,ortho,0,0,0
"1,2,3-Benzene tricarboxylic acid",C9H6O6,1160.4,acid,0,0,0,0,3,0,0,3,0,0,0,0,3,0,0,0,0,0,0,0,0,0,0,0,3,0,0,0,0,0,0,0,0,0,0,0,0,0,0,0,0,0,0,0,0,0,0,0,0,0,2,3,0,0,ortho,meta,0,0
"1,3,5-Benzene tricarboxylic acid",C9H6O6,1190.1,acid,0,0,0,0,3,0,0,3,0,0,0,0,3,0,0,0,0,0,0,0,0,0,0,0,3,0,0,0,0,0,0,0,0,0,0,0,0,0,0,0,0,0,0,0,0,0,0,0,0,0,3,5,0,0,meta,meta,0,0
1-Naphthoic acid,C11H8O2,333.5,acid,0,0,0,0,1,0,0,1,0,0,0,0,1,0,0,0,0,0,0,0,0,0,0,0,7,0,0,0,0,0,0,0,0,0,0,0,0,0,0,0,0,0,0,0,0,0,0,0,2,0,0,0,0,0,0,0,0,0
2-Naphthoic acid,C11H8O2,346.1,acid,0,0,0,0,1,0,0,1,0,0,0,0,1,0,0,0,0,0,0,0,0,0,0,0,7,0,0,0,0,0,0,0,0,0,0,0,0,0,0,0,0,0,0,0,0,0,0,0,2,0,2,0,0,0,0,0,0,0
Phenylsuccinic acid,C10H10O4,841,acid,0,0,2,0,0,0,0,2,0,0,0,0,0,0,0,0,1,0,0,0,0,0,0,0,5,1,0,0,0,0,0,0,0,0,0,1,0,0,0,0,0,0,0,0,0,0,0,0,0,0,0,0,0,0,0,0,0,0
"N,N-Bisuccinimide",C8H8N2O4,709.36,imide,0,0,0,0,0,0,0,0,0,0,0,0,0,0,0,0,4,0,0,0,0,0,0,0,0,0,0,0,0,0,0,0,0,0,0,0,0,4,0,0,0,0,0,0,0,0,0,2,0,2,0,0,0,0,0,0,0,0
N-methylsuccinimide ,C5H7NO2,469.8,imide,0,0,0,0,0,0,0,0,0,0,0,0,0,0,0,0,2,0,0,0,0,0,0,0,0,0,0,0,0,0,0,0,0,0,0,0,0,2,0,1,1,0,0,0,0,0,0,0,0,1,0,0,0,0,0,0,0,0
N-methylmaleimide,C5H5NO2,329.3,imide,0,0,0,0,0,0,0,0,0,0,2,0,0,0,0,0,0,0,0,0,0,0,0,0,0,0,0,0,0,0,0,0,0,0,0,0,0,0,0,1,1,2,0,0,0,0,0,0,0,1,0,0,0,0,0,0,0,0
Phthalimide,C8H5NO2,318,imide,0,0,0,0,0,0,0,0,0,0,0,0,2,0,0,0,0,0,0,0,0,0,0,0,4,0,0,0,0,0,0,0,0,0,0,0,0,0,1,0,0,0,2,0,0,0,0,0,0,1,0,0,0,0,0,0,0,0
4-nitrophthalimide,C8H4N2O4,338.9,imide,0,0,0,0,0,0,0,0,0,0,0,0,2,0,0,0,0,0,0,0,0,0,0,0,3,0,0,0,0,0,0,0,0,0,0,0,0,0,1,0,0,0,2,1,0,0,0,0,0,1,4,0,0,0,para,0,0,0
3-nitrophthalimide,C8H4N2O4,325.6,imide,0,0,0,0,0,0,0,0,0,0,0,0,2,0,0,0,0,0,0,0,0,0,0,0,3,0,0,0,0,0,0,0,0,0,0,0,0,0,1,0,0,0,2,1,0,0,0,0,0,1,3,0,0,0,meta,0,0,0
N-methylphthalimide,C9H7NO2,325,imide,0,0,0,0,0,0,0,0,0,0,0,0,2,0,0,0,0,0,0,0,0,0,0,0,4,0,0,0,0,0,0,0,0,0,0,0,0,0,0,1,1,0,2,0,0,0,0,0,0,1,0,0,0,0,0,0,0,0
N-ethylphthalimide,C10H9NO2,350.1,imide,0,0,0,0,0,0,0,0,0,0,0,0,2,0,0,0,0,0,0,1,0,0,0,0,4,0,0,0,0,0,0,0,0,0,0,0,0,0,0,0,1,0,2,0,1,0,0,0,0,1,0,0,0,0,0,0,0,0
N-propylphthalimide,C11H11NO2,377.3,imide,0,0,0,0,0,0,0,0,0,0,0,0,2,0,0,0,0,0,0,1,0,1,0,0,4,0,0,0,0,0,0,0,0,0,0,0,0,0,0,0,1,0,2,0,1,0,0,0,0,0,0,0,0,0,0,0,0,0
N-phenylphthalimide ,C14H9NO2,206,imide,0,0,0,0,0,0,0,0,0,0,0,0,2,0,0,0,0,0,0,0,0,0,0,0,9,0,0,0,0,0,0,0,0,0,0,0,0,0,0,0,0,0,2,0,0,1,1,0,0,1,0,0,0,0,0,0,0,0
"N,N′ -(1,3-phenylene)bis(phthalimide)",C22H12N2O4,461.3,imide,0,0,0,0,0,0,0,0,0,0,0,0,4,0,0,0,0,0,0,0,0,0,0,0,12,0,0,0,0,0,0,0,0,0,0,0,0,0,0,0,0,0,4,0,0,2,2,0,0,1,0,0,0,0,0,0,0,0
Succinimide,C4H5NO2,459.1,imide,0,0,0,0,0,0,0,0,0,0,0,0,0,0,0,0,2,0,0,0,0,0,0,0,0,0,0,0,0,0,0,0,0,0,0,0,0,2,1,0,0,0,0,0,0,0,0,0,0,1,0,0,0,0,0,0,0,0
"3,3-tetramethyleneglutaric imide",C9H13NO2,543.3,imide,0,0,0,0,0,0,0,0,0,0,0,0,0,0,0,0,2,0,0,0,0,4,0,0,0,0,0,1,0,0,0,0,0,0,0,0,0,2,1,0,0,0,0,0,0,0,0,0,0,2,0,0,0,0,0,0,0,0
"N-methyl-1,8- naphthalimide",C13H9NO2,306.1,imide,0,0,0,0,0,0,0,0,0,0,0,0,2,0,0,0,0,0,0,0,0,0,0,0,6,0,0,0,0,0,0,0,0,0,0,0,2,0,0,1,1,0,2,0,0,0,0,0,0,1,0,0,0,0,0,0,0,0
Glutarimide,C5H7NO2,487.7,imide,0,0,0,0,0,0,0,0,0,0,0,0,0,0,0,0,2,0,0,0,0,1,0,0,0,0,0,0,0,0,0,0,0,0,0,0,0,2,1,0,0,0,0,0,0,0,0,0,0,2,3,0,0,0,meta,0,0,0
phthalic anhydride,C8H4O3,460.1,anhydride,0,0,0,0,2,0,1,0,0,0,0,0,2,0,0,0,0,0,0,0,0,0,0,0,4,0,0,0,0,0,0,0,0,0,0,0,0,0,0,0,0,0,0,0,0,0,0,0,0,1,0,0,0,0,0,0,0,0
Benzoic anhydride,C14H10O3,415.4,anhydride,0,0,0,0,2,0,1,0,0,0,0,0,2,0,0,0,0,0,0,0,0,0,0,0,10,0,0,0,0,0,0,0,0,0,0,0,0,0,0,0,0,0,0,0,0,0,0,0,0,0,0,0,0,0,0,0,0,0
Glutaric anhydride,C5H6O3,618.5,anhydride,0,0,2,0,0,1,0,0,0,0,0,0,0,0,0,0,2,0,0,0,0,1,0,0,0,0,0,0,0,0,0,0,0,0,0,0,0,0,0,0,0,0,0,0,0,0,0,0,0,1,0,0,0,0,0,0,0,0
Succinic anhydride,C4H4O3,608.6,anhydride,0,0,2,0,0,1,0,0,0,0,0,0,0,0,0,0,2,0,0,0,0,0,0,0,0,0,0,0,0,0,0,0,0,0,0,0,0,0,0,0,0,0,0,0,0,0,0,0,0,1,0,0,0,0,0,0,0,0
"2,2-Dimethylsuccinic anhydride",C6H8O3,651.4,anhydride,0,0,2,0,0,1,0,0,0,0,0,0,0,0,1,0,1,0,0,2,0,0,0,0,0,0,0,0,0,2,0,0,0,0,0,0,0,0,0,0,0,0,0,0,0,0,0,0,0,1,2,2,0,0,0,0,0,0
"3,3-tetramethyleneglutaric anhydride",C9H12O3,667.9,anhydride,0,0,2,0,0,0,0,2,0,0,0,0,0,0,0,0,2,0,0,0,0,4,0,0,0,0,0,1,0,0,0,0,0,0,0,0,0,0,0,0,0,0,0,0,0,0,0,0,0,2,0,0,0,0,0,0,0,0
Acetic anhydride,C4H6O3,573.5,anhydride,0,0,2,0,0,1,0,0,0,0,0,0,0,0,0,0,0,0,0,2,0,0,0,0,0,0,0,0,0,0,0,0,0,0,0,0,0,0,0,0,0,0,0,0,0,0,0,0,0,0,0,0,0,0,0,0,0,0
Propanoic anhydride,C6H10O3,626.51,anhydride,0,0,2,0,0,1,0,0,0,0,0,0,0,0,0,0,2,0,0,2,0,0,0,0,0,0,0,0,0,0,0,0,0,0,0,0,0,0,0,0,0,0,0,0,0,0,0,0,0,0,0,0,0,0,0,0,0,0
Maleic anhydride,C4H2O3,469.9,anhydride,0,2,0,0,0,1,0,0,0,0,2,0,0,0,0,0,0,0,0,0,0,0,0,0,0,0,0,0,0,0,0,0,0,0,0,0,0,0,0,0,0,0,0,0,0,0,0,0,0,1,0,0,0,0,0,0,0,0
Methylsuccinic anhydride ,C5H6O3,620,anhydride,0,0,2,0,0,1,0,0,0,0,0,0,0,0,0,1,1,0,0,1,0,0,0,0,0,0,0,0,1,0,0,0,0,0,0,0,0,0,0,0,0,0,0,0,0,0,0,0,0,1,3,0,0,0,0,0,0,0
Methylmaleic anhydride,C5H4O3,447.2,anhydride,0,2,0,0,0,1,0,0,0,0,1,1,0,0,0,0,0,0,1,0,0,0,0,0,0,0,0,0,1,0,0,0,0,0,0,0,0,0,0,0,0,0,0,0,0,0,0,0,0,1,3,0,0,0,0,0,0,0
3-Methylglutaric anhydride,C6H8O3,653,anhydride,0,0,2,0,0,1,0,0,0,0,0,0,0,0,0,0,2,0,0,1,0,0,1,0,0,0,0,0,1,0,0,0,0,0,0,0,0,0,0,0,0,0,0,0,0,0,0,0,0,1,3,0,0,0,0,0,0,0
Trimelitic anhydride,C9H4O5,878,anhydride,0,0,0,0,3,0,1,1,0,0,0,0,3,0,0,0,0,0,0,0,0,0,0,0,3,0,0,0,0,0,0,0,0,0,0,0,0,0,0,0,0,0,0,0,0,0,0,0,0,1,3,0,0,0,meta,0,0,0
3-Hydroxyphthalic anhydride,C8H4O4,681.6,anhydride,0,0,0,0,2,0,1,0,0,1,0,0,2,0,0,0,0,0,0,0,0,0,0,0,3,0,0,0,0,0,0,0,0,0,0,0,0,0,0,0,0,0,0,0,0,0,0,0,0,1,2,0,0,0,ortho,0,0,0
4-Methylphthalic acid,C9H8O4,828.7,acid,0,0,0,0,2,0,0,2,0,0,0,0,2,0,0,0,0,0,0,0,1,0,0,0,3,1,0,0,0,0,0,0,0,0,0,0,0,0,0,0,0,0,0,0,0,0,0,0,0,0,2,4,0,0,ortho,para,0,0
4-Methylphthalic anhydride,C9H6O3,508.9,anhydride,0,0,0,0,2,0,1,0,0,0,0,0,2,0,0,0,0,0,0,0,1,0,0,0,3,1,0,0,0,0,0,0,0,0,0,0,0,0,0,0,0,0,0,0,0,0,0,0,0,1,4,0,0,0,ortho,para,0,0
